fuel_txn_id,transaction_date_raw,registration_no,asset_no,odometer_raw,mpg_raw,source_table,source_record_id,alteryx_processed_at,blocking_issue_summary,severity,has_review_required_exception,clean_record_status
FT-0000810,01/28/2026 03:10,NJE2207,"",32571,2.18,raw.fuel_transactions_raw,FT-0000810,2026-05-29 14:00:10,Missing vehicle reference,High,1,EXCLUDED_REVIEW_REQUIRED
FT-0005959,2024-10-25 16:45:00,ECP4241,X93862,13010,12.25,raw.fuel_transactions_raw,FT-0005959,2026-05-29 14:00:10,Orphan fuel asset reference,High,1,EXCLUDED_REVIEW_REQUIRED
FT-0006357,2025-08-31 06:10:00,ODE3720,X97231,16278,13.71,raw.fuel_transactions_raw,FT-0006357,2026-05-29 14:00:10,Orphan fuel asset reference,High,1,EXCLUDED_REVIEW_REQUIRED
FT-0004326,2024-08-08 04:05:00,OCE2841,X98017,21356,36.15,raw.fuel_transactions_raw,FT-0004326,2026-05-29 14:00:10,Orphan fuel asset reference,High,1,EXCLUDED_REVIEW_REQUIRED
FT-0002086,2024-09-19 09:15:00,FAH0585,"",47758,24.21,raw.fuel_transactions_raw,FT-0002086,2026-05-29 14:00:10,Missing vehicle reference,High,1,EXCLUDED_REVIEW_REQUIRED
FT-0005796,2024-10-12 17:15:00,TQF0063,"",83859,17.93,raw.fuel_transactions_raw,FT-0005796,2026-05-29 14:00:10,Missing vehicle reference,High,1,EXCLUDED_REVIEW_REQUIRED
FT-0000470,2026-03-23 05:10:00,DBW4917,"",28217,3.8,raw.fuel_transactions_raw,FT-0000470,2026-05-29 14:00:10,Missing vehicle reference,High,1,EXCLUDED_REVIEW_REQUIRED
FT-0001772,2025-11-28 14:45:00,ZVF7828,X91771,11221,0.23,raw.fuel_transactions_raw,FT-0001772,2026-05-29 14:00:10,Orphan fuel asset reference,High,1,EXCLUDED_REVIEW_REQUIRED
FT-0000249,2024-07-22 00:05:00,EJO7945,X94907,23680,2.37,raw.fuel_transactions_raw,FT-0000249,2026-05-29 14:00:10,Orphan fuel asset reference,High,1,EXCLUDED_REVIEW_REQUIRED
FT-0006247,2025-07-20 13:15:00,HLE4138,X98496,6551,29.55,raw.fuel_transactions_raw,FT-0006247,2026-05-29 14:00:10,Orphan fuel asset reference,High,1,EXCLUDED_REVIEW_REQUIRED
FT-0002649,2026-01-19 02:15:00,EFI6964,X95664,14572,1.08,raw.fuel_transactions_raw,FT-0002649,2026-05-29 14:00:10,Orphan fuel asset reference,High,1,EXCLUDED_REVIEW_REQUIRED
FT-0005126,2024-01-31 19:05:00,GOE6722,X90137,37316,6.74,raw.fuel_transactions_raw,FT-0005126,2026-05-29 14:00:10,Orphan fuel asset reference,High,1,EXCLUDED_REVIEW_REQUIRED
FT-0006750,2025-10-29 06:20:00,EVB7698,X90986,37228,16.59,raw.fuel_transactions_raw,FT-0006750,2026-05-29 14:00:10,Orphan fuel asset reference,High,1,EXCLUDED_REVIEW_REQUIRED
FT-0002465,05/12/2025 06:10,IGU3639,"",57391,8.57,raw.fuel_transactions_raw,FT-0002465,2026-05-29 14:00:10,Missing vehicle reference,High,1,EXCLUDED_REVIEW_REQUIRED
FT-0007766,2025-03-07 05:30:00,IZP6171,X99041,36151,65.31,raw.fuel_transactions_raw,FT-0007766,2026-05-29 14:00:10,Orphan fuel asset reference,High,1,EXCLUDED_REVIEW_REQUIRED
FT-0002754,2025-05-20 17:05:00,LGX2413,X90769,29540,4.12,raw.fuel_transactions_raw,FT-0002754,2026-05-29 14:00:10,Orphan fuel asset reference,High,1,EXCLUDED_REVIEW_REQUIRED
FT-0002242,05/14/2025 01:20,KRZ0273,"",51251,4.98,raw.fuel_transactions_raw,FT-0002242,2026-05-29 14:00:10,Missing vehicle reference,High,1,EXCLUDED_REVIEW_REQUIRED
FT-0004310,2024-10-04 20:15:00,XJC4753,X94881,29099,67.72,raw.fuel_transactions_raw,FT-0004310,2026-05-29 14:00:10,Orphan fuel asset reference,High,1,EXCLUDED_REVIEW_REQUIRED
FT-0001743,2024-02-22 16:45:00,ZKO2347,X92257,33377,16.5,raw.fuel_transactions_raw,FT-0001743,2026-05-29 14:00:10,Orphan fuel asset reference,High,1,EXCLUDED_REVIEW_REQUIRED
FT-0002792,04/14/2026 06:20,TQW4184,X91735,5476,0.66,raw.fuel_transactions_raw,FT-0002792,2026-05-29 14:00:10,Orphan fuel asset reference,High,1,EXCLUDED_REVIEW_REQUIRED
FT-0005859,03/27/2024 23:20,RPO7917,X95854,12012,11.61,raw.fuel_transactions_raw,FT-0005859,2026-05-29 14:00:10,Orphan fuel asset reference,High,1,EXCLUDED_REVIEW_REQUIRED
FT-0004471,2026-01-16 02:45:00,AAR2793,X95260,12781,11.44,raw.fuel_transactions_raw,FT-0004471,2026-05-29 14:00:10,Orphan fuel asset reference,High,1,EXCLUDED_REVIEW_REQUIRED
FT-0002228,2026-02-28 00:15:00,LHS3364,X95357,"",12.91,raw.fuel_transactions_raw,FT-0002228,2026-05-29 14:00:10,Orphan fuel asset reference,High,1,EXCLUDED_REVIEW_REQUIRED
FT-0006830,2024-04-04 22:30:00,TQF0063,X91032,16457,2.83,raw.fuel_transactions_raw,FT-0006830,2026-05-29 14:00:10,Orphan fuel asset reference,High,1,EXCLUDED_REVIEW_REQUIRED
FT-0007537,2025-02-15 21:05:00,XMC3446,X90302,34769,6.94,raw.fuel_transactions_raw,FT-0007537,2026-05-29 14:00:10,Orphan fuel asset reference,High,1,EXCLUDED_REVIEW_REQUIRED
FT-0003117,2026-01-15 03:30:00,LSI2474,X99954,21206,1.57,raw.fuel_transactions_raw,FT-0003117,2026-05-29 14:00:10,Orphan fuel asset reference,High,1,EXCLUDED_REVIEW_REQUIRED
FT-0000753,08/28/2024 07:30,KIK0834,X91194,27481,17.23,raw.fuel_transactions_raw,FT-0000753,2026-05-29 14:00:10,Orphan fuel asset reference,High,1,EXCLUDED_REVIEW_REQUIRED
FT-0001725,2025-08-25 20:30:00,ZXH6420,X99951,27139,2.79,raw.fuel_transactions_raw,FT-0001725,2026-05-29 14:00:10,Orphan fuel asset reference,High,1,EXCLUDED_REVIEW_REQUIRED
FT-0007725,2026-04-18 01:10:00,UHO1449,"",97548,31.59,raw.fuel_transactions_raw,FT-0007725,2026-05-29 14:00:10,Missing vehicle reference,High,1,EXCLUDED_REVIEW_REQUIRED
FT-0001987,2025-05-21 10:10:00,TRL1747,X93031,36752,23.36,raw.fuel_transactions_raw,FT-0001987,2026-05-29 14:00:10,Orphan fuel asset reference,High,1,EXCLUDED_REVIEW_REQUIRED
FT-0000331,2026-04-13 12:15:00,GAT5800,"",27281,22.43,raw.fuel_transactions_raw,FT-0000331,2026-05-29 14:00:10,Missing vehicle reference,High,1,EXCLUDED_REVIEW_REQUIRED
FT-0001341,2025-06-22 07:05:00,HBI7561,X90467,32155,26.54,raw.fuel_transactions_raw,FT-0001341,2026-05-29 14:00:10,Orphan fuel asset reference,High,1,EXCLUDED_REVIEW_REQUIRED
FT-0000425,2024-12-10 23:05:00,BUG9263,X96245,13229,15.61,raw.fuel_transactions_raw,FT-0000425,2026-05-29 14:00:10,Orphan fuel asset reference,High,1,EXCLUDED_REVIEW_REQUIRED
FT-0007423,2025-07-13 11:20:00,VYT2091,"",94862,49.33,raw.fuel_transactions_raw,FT-0007423,2026-05-29 14:00:10,Missing vehicle reference,High,1,EXCLUDED_REVIEW_REQUIRED
FT-0001464,2025-03-08 22:45:00,RWY9384,X97723,16682,37.75,raw.fuel_transactions_raw,FT-0001464,2026-05-29 14:00:10,Orphan fuel asset reference,High,1,EXCLUDED_REVIEW_REQUIRED
FT-0005792,2025-06-22 23:10:00,CTY9879,X96557,11302,9.35,raw.fuel_transactions_raw,FT-0005792,2026-05-29 14:00:10,Orphan fuel asset reference,High,1,EXCLUDED_REVIEW_REQUIRED
FT-0000242,2024-05-14 00:30:00,DGC4835,"",25258,18.89,raw.fuel_transactions_raw,FT-0000242,2026-05-29 14:00:10,Missing vehicle reference,High,1,EXCLUDED_REVIEW_REQUIRED
FT-0007888,2026-03-28 07:10:00,JLB8055,X99404,12758,26.07,raw.fuel_transactions_raw,FT-0007888,2026-05-29 14:00:10,Orphan fuel asset reference,High,1,EXCLUDED_REVIEW_REQUIRED
FT-0002543,2025-09-23 21:30:00,JAJ6045,X94519,39840,80.7,raw.fuel_transactions_raw,FT-0002543,2026-05-29 14:00:10,Orphan fuel asset reference,High,1,EXCLUDED_REVIEW_REQUIRED
FT-0000692,2025-03-07 03:10:00,VZD3750,X94308,20566,8.53,raw.fuel_transactions_raw,FT-0000692,2026-05-29 14:00:10,Orphan fuel asset reference,High,1,EXCLUDED_REVIEW_REQUIRED
FT-0003903,2025-07-31 14:45:00,XTI9471,X95332,13314,32.62,raw.fuel_transactions_raw,FT-0003903,2026-05-29 14:00:10,Orphan fuel asset reference,High,1,EXCLUDED_REVIEW_REQUIRED
FT-0005921,2024-07-11 07:05:00,BNS2277,X96261,16020,12.58,raw.fuel_transactions_raw,FT-0005921,2026-05-29 14:00:10,Orphan fuel asset reference,High,1,EXCLUDED_REVIEW_REQUIRED
FT-0002950,2024-09-30 22:05:00,TZA9401,"",63702,7.58,raw.fuel_transactions_raw,FT-0002950,2026-05-29 14:00:10,Missing vehicle reference,High,1,EXCLUDED_REVIEW_REQUIRED
FT-0001561,2024-01-18 16:15:00,MHT0800,"",45467,24.18,raw.fuel_transactions_raw,FT-0001561,2026-05-29 14:00:10,Missing vehicle reference,High,1,EXCLUDED_REVIEW_REQUIRED
FT-0002821,07/07/2024 22:00,TVI7781,X94000,13127,1.84,raw.fuel_transactions_raw,FT-0002821,2026-05-29 14:00:10,Orphan fuel asset reference,High,1,EXCLUDED_REVIEW_REQUIRED
FT-0007695,2025-10-14 08:10:00,WDM5374,X93852,16812,37.53,raw.fuel_transactions_raw,FT-0007695,2026-05-29 14:00:10,Orphan fuel asset reference,High,1,EXCLUDED_REVIEW_REQUIRED
FT-0000379,2025-10-30 16:10:00,NIN1394,X97561,38423,21.66,raw.fuel_transactions_raw,FT-0000379,2026-05-29 14:00:10,Orphan fuel asset reference,High,1,EXCLUDED_REVIEW_REQUIRED
FT-0002088,2024-12-10 12:20:00,SUD3294,"",49128,34.27,raw.fuel_transactions_raw,FT-0002088,2026-05-29 14:00:10,Missing vehicle reference,High,1,EXCLUDED_REVIEW_REQUIRED
FT-0003269,2024-12-15 10:00:00,YZD2824,"",66515,5.64,raw.fuel_transactions_raw,FT-0003269,2026-05-29 14:00:10,Missing vehicle reference,High,1,EXCLUDED_REVIEW_REQUIRED
FT-0003247,2025-07-12 21:05:00,YLG0207,X90056,30960,3.48,raw.fuel_transactions_raw,FT-0003247,2026-05-29 14:00:10,Orphan fuel asset reference,High,1,EXCLUDED_REVIEW_REQUIRED
FT-0002776,2024-07-22 15:30:00,ITD8549,X99410,30508,17.85,raw.fuel_transactions_raw,FT-0002776,2026-05-29 14:00:10,Orphan fuel asset reference,High,1,EXCLUDED_REVIEW_REQUIRED
FT-0005408,2025-06-12 17:10:00,ROG2722,X97311,37774,35.74,raw.fuel_transactions_raw,FT-0005408,2026-05-29 14:00:10,Orphan fuel asset reference,High,1,EXCLUDED_REVIEW_REQUIRED
FT-0007333,2024-11-07 14:45:00,JEU2838,X93913,7534,1.2,raw.fuel_transactions_raw,FT-0007333,2026-05-29 14:00:10,Orphan fuel asset reference,High,1,EXCLUDED_REVIEW_REQUIRED
FT-0004439,2024-11-07 09:20:00,STH0365,"",73863,11.61,raw.fuel_transactions_raw,FT-0004439,2026-05-29 14:00:10,Missing vehicle reference,High,1,EXCLUDED_REVIEW_REQUIRED
FT-0006862,04/16/2026 12:10,EEV0445,X91364,6692,19.91,raw.fuel_transactions_raw,FT-0006862,2026-05-29 14:00:10,Orphan fuel asset reference,High,1,EXCLUDED_REVIEW_REQUIRED
FT-0004257,2024-09-23 00:45:00,DRT1992,X99637,7027,18.37,raw.fuel_transactions_raw,FT-0004257,2026-05-29 14:00:10,Orphan fuel asset reference,High,1,EXCLUDED_REVIEW_REQUIRED
FT-0005159,2024-04-14 14:15:00,ZXN1029,"",81572,6.95,raw.fuel_transactions_raw,FT-0005159,2026-05-29 14:00:10,Missing vehicle reference,High,1,EXCLUDED_REVIEW_REQUIRED
FT-0005779,2024-07-24 05:20:00,HGB1368,"",83386,26.08,raw.fuel_transactions_raw,FT-0005779,2026-05-29 14:00:10,Missing vehicle reference,High,1,EXCLUDED_REVIEW_REQUIRED
FT-0006977,2024-07-14 00:45:00,HNS0884,"",93455,17.35,raw.fuel_transactions_raw,FT-0006977,2026-05-29 14:00:10,Missing vehicle reference,High,1,EXCLUDED_REVIEW_REQUIRED
FT-0002314,2025-10-07 19:20:00,TCJ0676,"",52695,42.48,raw.fuel_transactions_raw,FT-0002314,2026-05-29 14:00:10,Missing vehicle reference,High,1,EXCLUDED_REVIEW_REQUIRED
FT-0004526,2024-09-16 20:15:00,UGT6120,X96890,6306,12.48,raw.fuel_transactions_raw,FT-0004526,2026-05-29 14:00:10,Orphan fuel asset reference,High,1,EXCLUDED_REVIEW_REQUIRED
FT-0007194,2025-06-11 14:45:00,QZW1154,X99377,33648,16.38,raw.fuel_transactions_raw,FT-0007194,2026-05-29 14:00:10,Orphan fuel asset reference,High,1,EXCLUDED_REVIEW_REQUIRED
FT-0001499,2025-12-20 07:20:00,OOI3784,X94340,20014,44.96,raw.fuel_transactions_raw,FT-0001499,2026-05-29 14:00:10,Orphan fuel asset reference,High,1,EXCLUDED_REVIEW_REQUIRED
FT-0000558,2024-06-22 05:10:00,ROG2722,"",30472,82.58,raw.fuel_transactions_raw,FT-0000558,2026-05-29 14:00:10,Missing vehicle reference,High,1,EXCLUDED_REVIEW_REQUIRED
FT-0004899,2025-01-05 18:45:00,EIH1559,X92816,36707,9.81,raw.fuel_transactions_raw,FT-0004899,2026-05-29 14:00:10,Orphan fuel asset reference,High,1,EXCLUDED_REVIEW_REQUIRED
FT-0004641,2024-11-10 00:45:00,CTY9879,X98790,24011,7.12,raw.fuel_transactions_raw,FT-0004641,2026-05-29 14:00:10,Orphan fuel asset reference,High,1,EXCLUDED_REVIEW_REQUIRED
FT-0003061,2024-12-03 22:05:00,GVN1075,X90265,33715,6.37,raw.fuel_transactions_raw,FT-0003061,2026-05-29 14:00:10,Orphan fuel asset reference,High,1,EXCLUDED_REVIEW_REQUIRED
FT-0001016,2025-09-03 14:20:00,TQF0063,"",37015,14.57,raw.fuel_transactions_raw,FT-0001016,2026-05-29 14:00:10,Missing vehicle reference,High,1,EXCLUDED_REVIEW_REQUIRED
FT-0006475,2026-02-06 09:15:00,IZP6171,X95311,3300,4.06,raw.fuel_transactions_raw,FT-0006475,2026-05-29 14:00:10,Orphan fuel asset reference,High,1,EXCLUDED_REVIEW_REQUIRED
FT-0007270,2024-01-19 05:00:00,SJG6326,X94920,38814,96.35,raw.fuel_transactions_raw,FT-0007270,2026-05-29 14:00:10,Orphan fuel asset reference,High,1,EXCLUDED_REVIEW_REQUIRED
FT-0004726,2025-10-15 14:15:00,RPO7917,X95859,19708,17.18,raw.fuel_transactions_raw,FT-0004726,2026-05-29 14:00:10,Orphan fuel asset reference,High,1,EXCLUDED_REVIEW_REQUIRED
FT-0001600,04/12/2026 12:05,PVQ4443,X95304,21713,4.37,raw.fuel_transactions_raw,FT-0001600,2026-05-29 14:00:10,Orphan fuel asset reference,High,1,EXCLUDED_REVIEW_REQUIRED
FT-0006742,2025-10-20 11:10:00,NIP7881,"",91732,23.0,raw.fuel_transactions_raw,FT-0006742,2026-05-29 14:00:10,Missing vehicle reference,High,1,EXCLUDED_REVIEW_REQUIRED
FT-0003093,2024-05-01 07:05:00,PQP6278,X95632,24055,1.14,raw.fuel_transactions_raw,FT-0003093,2026-05-29 14:00:10,Orphan fuel asset reference,High,1,EXCLUDED_REVIEW_REQUIRED
FT-0000674,2026-01-06 16:15:00,NVX1957,X99328,9729,12.93,raw.fuel_transactions_raw,FT-0000674,2026-05-29 14:00:10,Orphan fuel asset reference,High,1,EXCLUDED_REVIEW_REQUIRED
FT-0004634,2025-09-03 07:20:00,JAN4263,"",76478,15.78,raw.fuel_transactions_raw,FT-0004634,2026-05-29 14:00:10,Missing vehicle reference,High,1,EXCLUDED_REVIEW_REQUIRED
FT-0004356,2024-01-22 23:05:00,CFW1370,X99498,26981,6.26,raw.fuel_transactions_raw,FT-0004356,2026-05-29 14:00:10,Orphan fuel asset reference,High,1,EXCLUDED_REVIEW_REQUIRED
FT-0003840,2024-05-19 04:05:00,IQM5306,X93727,22241,4.15,raw.fuel_transactions_raw,FT-0003840,2026-05-29 14:00:10,Orphan fuel asset reference,High,1,EXCLUDED_REVIEW_REQUIRED
FT-0002991,2024-10-29 10:15:00,UAX5014,"",64640,8.4,raw.fuel_transactions_raw,FT-0002991,2026-05-29 14:00:10,Missing vehicle reference,High,1,EXCLUDED_REVIEW_REQUIRED
FT-0003848,2024-11-05 15:45:00,QAX8719,X90274,15383,54.23,raw.fuel_transactions_raw,FT-0003848,2026-05-29 14:00:10,Orphan fuel asset reference,High,1,EXCLUDED_REVIEW_REQUIRED
FT-0005876,2025-11-17 13:20:00,NFK9745,"",84645,1.94,raw.fuel_transactions_raw,FT-0005876,2026-05-29 14:00:10,Missing vehicle reference,High,1,EXCLUDED_REVIEW_REQUIRED
FT-0003152,2025-07-10 02:45:00,IUB5476,X96289,24539,4.17,raw.fuel_transactions_raw,FT-0003152,2026-05-29 14:00:10,Orphan fuel asset reference,High,1,EXCLUDED_REVIEW_REQUIRED
FT-0007909,2025-05-02 21:00:00,AKO4598,X96054,"",2.09,raw.fuel_transactions_raw,FT-0007909,2026-05-29 14:00:10,Orphan fuel asset reference,High,1,EXCLUDED_REVIEW_REQUIRED
FT-0006606,2025-09-19 09:15:00,LPP9274,"",90416,10.21,raw.fuel_transactions_raw,FT-0006606,2026-05-29 14:00:10,Missing vehicle reference,High,1,EXCLUDED_REVIEW_REQUIRED
FT-0004428,2025-03-04 09:45:00,HTW6639,X98452,9393,1.54,raw.fuel_transactions_raw,FT-0004428,2026-05-29 14:00:10,Orphan fuel asset reference,High,1,EXCLUDED_REVIEW_REQUIRED
FT-0004864,2024-12-03 22:10:00,XWM3468,"",79350,17.46,raw.fuel_transactions_raw,FT-0004864,2026-05-29 14:00:10,Missing vehicle reference,High,1,EXCLUDED_REVIEW_REQUIRED
FT-0005509,2025-08-08 06:30:00,ESS4989,X93528,24186,11.64,raw.fuel_transactions_raw,FT-0005509,2026-05-29 14:00:10,Orphan fuel asset reference,High,1,EXCLUDED_REVIEW_REQUIRED
FT-0003396,2024-02-11 18:00:00,AMN9740,X96612,21601,53.81,raw.fuel_transactions_raw,FT-0003396,2026-05-29 14:00:10,Orphan fuel asset reference,High,1,EXCLUDED_REVIEW_REQUIRED
FT-0000389,2024-10-26 01:30:00,GFI2378,X95605,19130,34.24,raw.fuel_transactions_raw,FT-0000389,2026-05-29 14:00:10,Orphan fuel asset reference,High,1,EXCLUDED_REVIEW_REQUIRED
FT-0006947,2026-04-24 22:15:00,ECP4241,X98372,33087,12.14,raw.fuel_transactions_raw,FT-0006947,2026-05-29 14:00:10,Orphan fuel asset reference,High,1,EXCLUDED_REVIEW_REQUIRED
FT-0002278,2025-07-02 09:15:00,HWJ5097,X90548,11682,17.3,raw.fuel_transactions_raw,FT-0002278,2026-05-29 14:00:10,Orphan fuel asset reference,High,1,EXCLUDED_REVIEW_REQUIRED
FT-0000508,2024-01-13 03:30:00,GAT5800,X95090,29113,34.32,raw.fuel_transactions_raw,FT-0000508,2026-05-29 14:00:10,Orphan fuel asset reference,High,1,EXCLUDED_REVIEW_REQUIRED
FT-0007920,2025-11-29 02:00:00,EXJ8115,"",98281,1.91,raw.fuel_transactions_raw,FT-0007920,2026-05-29 14:00:10,Missing vehicle reference,High,1,EXCLUDED_REVIEW_REQUIRED
FT-0005284,2024-04-09 23:05:00,WJS6336,X97687,30531,23.07,raw.fuel_transactions_raw,FT-0005284,2026-05-29 14:00:10,Orphan fuel asset reference,High,1,EXCLUDED_REVIEW_REQUIRED
FT-0003283,2025-03-09 14:00:00,IJK4151,X90863,37431,1.77,raw.fuel_transactions_raw,FT-0003283,2026-05-29 14:00:10,Orphan fuel asset reference,High,1,EXCLUDED_REVIEW_REQUIRED
FT-0007231,2025-11-29 22:15:00,EIR9531,X92238,33446,46.5,raw.fuel_transactions_raw,FT-0007231,2026-05-29 14:00:10,Orphan fuel asset reference,High,1,EXCLUDED_REVIEW_REQUIRED
FT-0002106,2025-10-01 22:05:00,EJO7945,X96294,30673,56.92,raw.fuel_transactions_raw,FT-0002106,2026-05-29 14:00:10,Orphan fuel asset reference,High,1,EXCLUDED_REVIEW_REQUIRED
FT-0002874,2024-06-21 21:20:00,CKG5975,X92325,32192,34.21,raw.fuel_transactions_raw,FT-0002874,2026-05-29 14:00:10,Orphan fuel asset reference,High,1,EXCLUDED_REVIEW_REQUIRED
FT-0001948,2024-09-09 21:20:00,QBX5406,X94718,35492,4.37,raw.fuel_transactions_raw,FT-0001948,2026-05-29 14:00:10,Orphan fuel asset reference,High,1,EXCLUDED_REVIEW_REQUIRED
FT-0004741,2024-10-19 12:05:00,IZQ8447,"",77198,28.82,raw.fuel_transactions_raw,FT-0004741,2026-05-29 14:00:10,Missing vehicle reference,High,1,EXCLUDED_REVIEW_REQUIRED
FT-0000974,2025-03-03 05:45:00,ECP4241,"",36639,40.79,raw.fuel_transactions_raw,FT-0000974,2026-05-29 14:00:10,Missing vehicle reference,High,1,EXCLUDED_REVIEW_REQUIRED
FT-0001371,2026-02-01 12:45:00,LXW4999,X93211,6762,6.42,raw.fuel_transactions_raw,FT-0001371,2026-05-29 14:00:10,Orphan fuel asset reference,High,1,EXCLUDED_REVIEW_REQUIRED
FT-0001846,2025-04-05 06:20:00,HWJ5097,X93914,10135,3.25,raw.fuel_transactions_raw,FT-0001846,2026-05-29 14:00:10,Orphan fuel asset reference,High,1,EXCLUDED_REVIEW_REQUIRED
FT-0000828,2024-07-16 00:45:00,MHT0800,"",33239,0,raw.fuel_transactions_raw,FT-0000828,2026-05-29 14:00:10,Missing vehicle reference,High,1,EXCLUDED_REVIEW_REQUIRED
FT-0002259,2025-01-07 08:15:00,WDG2114,X91837,36379,5.65,raw.fuel_transactions_raw,FT-0002259,2026-05-29 14:00:10,Orphan fuel asset reference,High,1,EXCLUDED_REVIEW_REQUIRED
FT-0001576,2025-07-01 06:15:00,ZAL5824,X95425,20251,25.0,raw.fuel_transactions_raw,FT-0001576,2026-05-29 14:00:10,Orphan fuel asset reference,High,1,EXCLUDED_REVIEW_REQUIRED
FT-0007584,2025-10-22 01:05:00,IGU3639,"",96197,42.7,raw.fuel_transactions_raw,FT-0007584,2026-05-29 14:00:10,Missing vehicle reference,High,1,EXCLUDED_REVIEW_REQUIRED
FT-0002910,2025-12-13 00:45:00,YUA5745,X94851,31129,30.34,raw.fuel_transactions_raw,FT-0002910,2026-05-29 14:00:10,Orphan fuel asset reference,High,1,EXCLUDED_REVIEW_REQUIRED
FT-0005199,2026-03-30 04:05:00,FSR3291,"",81750,1.02,raw.fuel_transactions_raw,FT-0005199,2026-05-29 14:00:10,Missing vehicle reference,High,1,EXCLUDED_REVIEW_REQUIRED
FT-0000197,2026-04-03 15:20:00,AXN5145,"",24777,8.49,raw.fuel_transactions_raw,FT-0000197,2026-05-29 14:00:10,Missing vehicle reference,High,1,EXCLUDED_REVIEW_REQUIRED
FT-0001585,2025-02-22 13:20:00,BAZ3691,X93873,23122,32.52,raw.fuel_transactions_raw,FT-0001585,2026-05-29 14:00:10,Orphan fuel asset reference,High,1,EXCLUDED_REVIEW_REQUIRED
FT-0007447,2025-08-31 16:45:00,ZQW4712,X97809,29778,5.28,raw.fuel_transactions_raw,FT-0007447,2026-05-29 14:00:10,Orphan fuel asset reference,High,1,EXCLUDED_REVIEW_REQUIRED
FT-0001708,2024-02-13 02:15:00,DGC4835,"",46809,8.1,raw.fuel_transactions_raw,FT-0001708,2026-05-29 14:00:10,Missing vehicle reference,High,1,EXCLUDED_REVIEW_REQUIRED
FT-0002555,2025-03-26 05:15:00,HGB1368,"",60292,9.13,raw.fuel_transactions_raw,FT-0002555,2026-05-29 14:00:10,Missing vehicle reference,High,1,EXCLUDED_REVIEW_REQUIRED
FT-0007651,2025-12-08 14:45:00,BNS3940,X97684,21692,21.75,raw.fuel_transactions_raw,FT-0007651,2026-05-29 14:00:10,Orphan fuel asset reference,High,1,EXCLUDED_REVIEW_REQUIRED
FT-0003280,2024-06-26 17:45:00,FPN8559,X96270,13993,75.65,raw.fuel_transactions_raw,FT-0003280,2026-05-29 14:00:10,Orphan fuel asset reference,High,1,EXCLUDED_REVIEW_REQUIRED
FT-0007162,2024-02-26 10:20:00,UUF1767,X98880,19061,52.31,raw.fuel_transactions_raw,FT-0007162,2026-05-29 14:00:10,Orphan fuel asset reference,High,1,EXCLUDED_REVIEW_REQUIRED
FT-0003611,2024-11-22 19:00:00,QJD5094,X90889,33991,10.05,raw.fuel_transactions_raw,FT-0003611,2026-05-29 14:00:10,Orphan fuel asset reference,High,1,EXCLUDED_REVIEW_REQUIRED
FT-0006345,2026-02-05 21:05:00,WBR0650,"",88006,8.65,raw.fuel_transactions_raw,FT-0006345,2026-05-29 14:00:10,Missing vehicle reference,High,1,EXCLUDED_REVIEW_REQUIRED
FT-0000976,2024-12-15 17:15:00,RHL8154,X91188,25568,11.73,raw.fuel_transactions_raw,FT-0000976,2026-05-29 14:00:10,Orphan fuel asset reference,High,1,EXCLUDED_REVIEW_REQUIRED
FT-0001113,2024-07-13 15:45:00,ZQV6350,X91732,29105,24.81,raw.fuel_transactions_raw,FT-0001113,2026-05-29 14:00:10,Orphan fuel asset reference,High,1,EXCLUDED_REVIEW_REQUIRED
FT-0005676,2025-07-19 05:30:00,CLA8081,X99883,35097,0.71,raw.fuel_transactions_raw,FT-0005676,2026-05-29 14:00:10,Orphan fuel asset reference,High,1,EXCLUDED_REVIEW_REQUIRED
FT-0002356,2025-05-08 17:45:00,PKH2335,"",54481,189.74,raw.fuel_transactions_raw,FT-0002356,2026-05-29 14:00:10,Missing vehicle reference,High,1,EXCLUDED_REVIEW_REQUIRED
FT-0003543,2024-08-09 11:30:00,KRZ0273,X95544,23082,36.5,raw.fuel_transactions_raw,FT-0003543,2026-05-29 14:00:10,Orphan fuel asset reference,High,1,EXCLUDED_REVIEW_REQUIRED
FT-0004569,2024-06-12 13:45:00,PQP6278,X98766,19526,9.56,raw.fuel_transactions_raw,FT-0004569,2026-05-29 14:00:10,Orphan fuel asset reference,High,1,EXCLUDED_REVIEW_REQUIRED
FT-0006781,2026-03-11 23:20:00,SVE5872,"",92208,3.44,raw.fuel_transactions_raw,FT-0006781,2026-05-29 14:00:10,Missing vehicle reference,High,1,EXCLUDED_REVIEW_REQUIRED
FT-0007741,2026-03-21 17:15:00,ZZG6544,"",99092,7.25,raw.fuel_transactions_raw,FT-0007741,2026-05-29 14:00:10,Missing vehicle reference,High,1,EXCLUDED_REVIEW_REQUIRED
FT-0005136,2025-12-24 04:10:00,KRH1494,X92562,31839,6.32,raw.fuel_transactions_raw,FT-0005136,2026-05-29 14:00:10,Orphan fuel asset reference,High,1,EXCLUDED_REVIEW_REQUIRED
FT-0005495,2024-05-14 21:30:00,AOH6816,X93254,21741,5.81,raw.fuel_transactions_raw,FT-0005495,2026-05-29 14:00:10,Orphan fuel asset reference,High,1,EXCLUDED_REVIEW_REQUIRED
FT-0006973,2026-01-22 06:30:00,WPB7166,X97081,26827,2.42,raw.fuel_transactions_raw,FT-0006973,2026-05-29 14:00:10,Orphan fuel asset reference,High,1,EXCLUDED_REVIEW_REQUIRED
FT-0002155,2025-10-13 17:15:00,ILJ2253,X90699,35413,42.82,raw.fuel_transactions_raw,FT-0002155,2026-05-29 14:00:10,Orphan fuel asset reference,High,1,EXCLUDED_REVIEW_REQUIRED
FT-0002561,2024-06-28 11:05:00,TOP4232,X94444,29007,34.14,raw.fuel_transactions_raw,FT-0002561,2026-05-29 14:00:10,Orphan fuel asset reference,High,1,EXCLUDED_REVIEW_REQUIRED
FT-0005585,2024-02-19 09:05:00,MSW8083,X96768,29015,2.32,raw.fuel_transactions_raw,FT-0005585,2026-05-29 14:00:10,Orphan fuel asset reference,High,1,EXCLUDED_REVIEW_REQUIRED
FT-0004575,2025-09-21 07:45:00,VGN5882,X91034,10462,11.44,raw.fuel_transactions_raw,FT-0004575,2026-05-29 14:00:10,Orphan fuel asset reference,High,1,EXCLUDED_REVIEW_REQUIRED
FT-0006444,2024-06-04 21:15:00,UGT6120,X99466,33449,40.57,raw.fuel_transactions_raw,FT-0006444,2026-05-29 14:00:10,Orphan fuel asset reference,High,1,EXCLUDED_REVIEW_REQUIRED
FT-0001898,2024-10-08 05:20:00,ZWO9726,"",47095,2.09,raw.fuel_transactions_raw,FT-0001898,2026-05-29 14:00:10,Missing vehicle reference,High,1,EXCLUDED_REVIEW_REQUIRED
FT-0005531,2024-04-05 06:05:00,EYS5724,"",82100,3.08,raw.fuel_transactions_raw,FT-0005531,2026-05-29 14:00:10,Missing vehicle reference,High,1,EXCLUDED_REVIEW_REQUIRED
FT-0003362,2024-10-09 13:10:00,YIL7549,"",67781,11.39,raw.fuel_transactions_raw,FT-0003362,2026-05-29 14:00:10,Missing vehicle reference,High,1,EXCLUDED_REVIEW_REQUIRED
FT-0000182,2025-05-31 18:30:00,GQO7666,X98386,"",21.77,raw.fuel_transactions_raw,FT-0000182,2026-05-29 14:00:10,Orphan fuel asset reference,High,1,EXCLUDED_REVIEW_REQUIRED
FT-0006908,2026-04-22 12:10:00,SSC6539,X98102,22138,12.64,raw.fuel_transactions_raw,FT-0006908,2026-05-29 14:00:10,Orphan fuel asset reference,High,1,EXCLUDED_REVIEW_REQUIRED
FT-0000999,2025-12-31 20:00:00,UHO1449,X99391,7424,4.93,raw.fuel_transactions_raw,FT-0000999,2026-05-29 14:00:10,Orphan fuel asset reference,High,1,EXCLUDED_REVIEW_REQUIRED
FT-0004407,2025-12-26 16:15:00,ZBP8835,X93049,33525,5.39,raw.fuel_transactions_raw,FT-0004407,2026-05-29 14:00:10,Orphan fuel asset reference,High,1,EXCLUDED_REVIEW_REQUIRED
FT-0006663,2025-03-13 08:00:00,LYN0149,"",91177,6.55,raw.fuel_transactions_raw,FT-0006663,2026-05-29 14:00:10,Missing vehicle reference,High,1,EXCLUDED_REVIEW_REQUIRED
FT-0002317,2025-02-21 02:00:00,STH0365,X91486,30152,5.95,raw.fuel_transactions_raw,FT-0002317,2026-05-29 14:00:10,Orphan fuel asset reference,High,1,EXCLUDED_REVIEW_REQUIRED
FT-0007197,2025-03-23 08:00:00,NIN1394,X91880,31655,1.69,raw.fuel_transactions_raw,FT-0007197,2026-05-29 14:00:10,Orphan fuel asset reference,High,1,EXCLUDED_REVIEW_REQUIRED
FT-0003792,01/30/2026 06:00,YMM4816,X97010,18470,53.03,raw.fuel_transactions_raw,FT-0003792,2026-05-29 14:00:10,Orphan fuel asset reference,High,1,EXCLUDED_REVIEW_REQUIRED
FT-0001628,2024-01-26 10:15:00,MHT0800,"",46515,44.83,raw.fuel_transactions_raw,FT-0001628,2026-05-29 14:00:10,Missing vehicle reference,High,1,EXCLUDED_REVIEW_REQUIRED
FT-0004744,2026-04-30 02:15:00,STH0365,X96415,26869,22.49,raw.fuel_transactions_raw,FT-0004744,2026-05-29 14:00:10,Orphan fuel asset reference,High,1,EXCLUDED_REVIEW_REQUIRED
FT-0002738,2024-09-08 03:10:00,EVT7030,X99369,38377,29.89,raw.fuel_transactions_raw,FT-0002738,2026-05-29 14:00:10,Orphan fuel asset reference,High,1,EXCLUDED_REVIEW_REQUIRED
FT-0000704,2025-04-16 12:20:00,FJD7818,X92723,22464,3.66,raw.fuel_transactions_raw,FT-0000704,2026-05-29 14:00:10,Orphan fuel asset reference,High,1,EXCLUDED_REVIEW_REQUIRED
FT-0003768,2024-08-27 04:05:00,VMB5490,X96794,"",4.9,raw.fuel_transactions_raw,FT-0003768,2026-05-29 14:00:10,Orphan fuel asset reference,High,1,EXCLUDED_REVIEW_REQUIRED
FT-0000960,2025-10-27 08:00:00,WYW7755,X94326,25168,5.88,raw.fuel_transactions_raw,FT-0000960,2026-05-29 14:00:10,Orphan fuel asset reference,High,1,EXCLUDED_REVIEW_REQUIRED
FT-0006664,2024-04-30 01:05:00,ZBP8835,X92412,21458,31.45,raw.fuel_transactions_raw,FT-0006664,2026-05-29 14:00:10,Orphan fuel asset reference,High,1,EXCLUDED_REVIEW_REQUIRED
FT-0000167,2024-06-06 00:45:00,MVE1623,X99789,21093,4.84,raw.fuel_transactions_raw,FT-0000167,2026-05-29 14:00:10,Orphan fuel asset reference,High,1,EXCLUDED_REVIEW_REQUIRED
FT-0000505,2025-02-17 17:20:00,ESR8585,"",29709,0.5,raw.fuel_transactions_raw,FT-0000505,2026-05-29 14:00:10,Missing vehicle reference,High,1,EXCLUDED_REVIEW_REQUIRED
FT-0007773,2025-07-22 00:10:00,DKC1754,"",97511,7.7,raw.fuel_transactions_raw,FT-0007773,2026-05-29 14:00:10,Missing vehicle reference,High,1,EXCLUDED_REVIEW_REQUIRED
FT-0006354,2024-07-20 23:05:00,QAX8719,X93076,30984,86.74,raw.fuel_transactions_raw,FT-0006354,2026-05-29 14:00:10,Orphan fuel asset reference,High,1,EXCLUDED_REVIEW_REQUIRED
FT-0001083,2024-06-21 15:20:00,UCI7123,"",38454,30.25,raw.fuel_transactions_raw,FT-0001083,2026-05-29 14:00:10,Missing vehicle reference,High,1,EXCLUDED_REVIEW_REQUIRED
FT-0006037,2024-11-06 07:45:00,VGN5882,X98815,22098,26.89,raw.fuel_transactions_raw,FT-0006037,2026-05-29 14:00:10,Orphan fuel asset reference,High,1,EXCLUDED_REVIEW_REQUIRED
FT-0007555,2024-11-16 14:00:00,JGJ8528,"",95058,1.37,raw.fuel_transactions_raw,FT-0007555,2026-05-29 14:00:10,Missing vehicle reference,High,1,EXCLUDED_REVIEW_REQUIRED
FT-0000108,11/28/2025 01:00,TKX3597,"",22639,19.14,raw.fuel_transactions_raw,FT-0000108,2026-05-29 14:00:10,Missing vehicle reference,High,1,EXCLUDED_REVIEW_REQUIRED
FT-0003681,09/18/2024 02:20,JLB8055,X96118,9606,17.79,raw.fuel_transactions_raw,FT-0003681,2026-05-29 14:00:10,Orphan fuel asset reference,High,1,EXCLUDED_REVIEW_REQUIRED
FT-0000473,2025-06-07 14:45:00,CNQ7471,"",29129,0,raw.fuel_transactions_raw,FT-0000473,2026-05-29 14:00:10,Missing vehicle reference,High,1,EXCLUDED_REVIEW_REQUIRED
FT-0001496,2025-11-07 12:00:00,PIO5634,X98247,17219,22.57,raw.fuel_transactions_raw,FT-0001496,2026-05-29 14:00:10,Orphan fuel asset reference,High,1,EXCLUDED_REVIEW_REQUIRED
FT-0006503,2025-01-02 18:45:00,ZIK8530,"",88895,40.72,raw.fuel_transactions_raw,FT-0006503,2026-05-29 14:00:10,Missing vehicle reference,High,1,EXCLUDED_REVIEW_REQUIRED
FT-0000511,2025-11-11 18:45:00,GGF8456,X95244,31058,34.51,raw.fuel_transactions_raw,FT-0000511,2026-05-29 14:00:10,Orphan fuel asset reference,High,1,EXCLUDED_REVIEW_REQUIRED
FT-0000030,2026-04-11 12:30:00,XMK3704,X97264,14270,26.72,raw.fuel_transactions_raw,FT-0000030,2026-05-29 14:00:10,Orphan fuel asset reference,High,1,EXCLUDED_REVIEW_REQUIRED
FT-0007906,02/21/2025 09:15,JOI1724,X97818,28667,26.7,raw.fuel_transactions_raw,FT-0007906,2026-05-29 14:00:10,Orphan fuel asset reference,High,1,EXCLUDED_REVIEW_REQUIRED
FT-0000480,2026-03-25 02:45:00,BWO9318,"",29653,12.02,raw.fuel_transactions_raw,FT-0000480,2026-05-29 14:00:10,Missing vehicle reference,High,1,EXCLUDED_REVIEW_REQUIRED
FT-0006178,2025-06-05 05:15:00,ERL5070,X98913,35601,106.69,raw.fuel_transactions_raw,FT-0006178,2026-05-29 14:00:10,Orphan fuel asset reference,High,1,EXCLUDED_REVIEW_REQUIRED
FT-0001418,2025-04-10 00:20:00,BLI2196,X97535,11869,4.84,raw.fuel_transactions_raw,FT-0001418,2026-05-29 14:00:10,Orphan fuel asset reference,High,1,EXCLUDED_REVIEW_REQUIRED
FT-0001008,2025-12-08 12:15:00,MJL5707,X94720,30210,2.43,raw.fuel_transactions_raw,FT-0001008,2026-05-29 14:00:10,Orphan fuel asset reference,High,1,EXCLUDED_REVIEW_REQUIRED
FT-0005766,2024-02-10 19:10:00,GWY3483,X90433,6093,8.66,raw.fuel_transactions_raw,FT-0005766,2026-05-29 14:00:10,Orphan fuel asset reference,High,1,EXCLUDED_REVIEW_REQUIRED
FT-0003751,2025-03-15 22:10:00,RPT7293,"",70194,6.78,raw.fuel_transactions_raw,FT-0003751,2026-05-29 14:00:10,Missing vehicle reference,High,1,EXCLUDED_REVIEW_REQUIRED
FT-0002900,2024-03-23 17:15:00,QAX8938,"",62340,7.44,raw.fuel_transactions_raw,FT-0002900,2026-05-29 14:00:10,Missing vehicle reference,High,1,EXCLUDED_REVIEW_REQUIRED
FT-0003012,2025-08-14 22:00:00,NZR7565,"",65099,24.56,raw.fuel_transactions_raw,FT-0003012,2026-05-29 14:00:10,Missing vehicle reference,High,1,EXCLUDED_REVIEW_REQUIRED
FT-0005130,03/31/2025 16:15,BOH4672,"",81364,1.63,raw.fuel_transactions_raw,FT-0005130,2026-05-29 14:00:10,Missing vehicle reference,High,1,EXCLUDED_REVIEW_REQUIRED
FT-0000771,2025-06-01 22:45:00,XCX9535,"",32111,0.8,raw.fuel_transactions_raw,FT-0000771,2026-05-29 14:00:10,Missing vehicle reference,High,1,EXCLUDED_REVIEW_REQUIRED
FT-0004866,2024-04-20 08:30:00,RHL8154,X91577,29719,32.99,raw.fuel_transactions_raw,FT-0004866,2026-05-29 14:00:10,Orphan fuel asset reference,High,1,EXCLUDED_REVIEW_REQUIRED
FT-0005570,2024-06-12 21:00:00,ZKN3623,X91786,28767,13.91,raw.fuel_transactions_raw,FT-0005570,2026-05-29 14:00:10,Orphan fuel asset reference,High,1,EXCLUDED_REVIEW_REQUIRED
FT-0006850,2024-07-03 09:15:00,LYU4876,X91721,12347,0.56,raw.fuel_transactions_raw,FT-0006850,2026-05-29 14:00:10,Orphan fuel asset reference,High,1,EXCLUDED_REVIEW_REQUIRED
FT-0000326,2025-01-27 13:20:00,PJY5688,"",26508,6.82,raw.fuel_transactions_raw,FT-0000326,2026-05-29 14:00:10,Missing vehicle reference,High,1,EXCLUDED_REVIEW_REQUIRED
FT-0001034,2024-11-23 19:20:00,WWZ4336,"",37631,42.84,raw.fuel_transactions_raw,FT-0001034,2026-05-29 14:00:10,Missing vehicle reference,High,1,EXCLUDED_REVIEW_REQUIRED
FT-0007277,2024-07-25 23:15:00,YLG0207,X92437,41196,33.02,raw.fuel_transactions_raw,FT-0007277,2026-05-29 14:00:10,Orphan fuel asset reference,High,1,EXCLUDED_REVIEW_REQUIRED
FT-0005115,08/18/2025 23:20,SSC6539,"",81217,18.27,raw.fuel_transactions_raw,FT-0005115,2026-05-29 14:00:10,Missing vehicle reference,High,1,EXCLUDED_REVIEW_REQUIRED
FT-0000528,2026-03-03 02:45:00,EVB7698,X97324,14006,7.0,raw.fuel_transactions_raw,FT-0000528,2026-05-29 14:00:10,Orphan fuel asset reference,High,1,EXCLUDED_REVIEW_REQUIRED
FT-0000873,04/10/2024 06:05,MXV1700,"",33502,1.88,raw.fuel_transactions_raw,FT-0000873,2026-05-29 14:00:10,Missing vehicle reference,High,1,EXCLUDED_REVIEW_REQUIRED
FT-0001319,2024-09-04 18:10:00,UGP5680,X93415,5721,8.99,raw.fuel_transactions_raw,FT-0001319,2026-05-29 14:00:10,Orphan fuel asset reference,High,1,EXCLUDED_REVIEW_REQUIRED
FT-0007299,2025-06-13 20:20:00,ZAL5824,"",93919,4.23,raw.fuel_transactions_raw,FT-0007299,2026-05-29 14:00:10,Missing vehicle reference,High,1,EXCLUDED_REVIEW_REQUIRED
FT-0004921,2024-09-08 20:45:00,UGP5680,X94639,7001,14.81,raw.fuel_transactions_raw,FT-0004921,2026-05-29 14:00:10,Orphan fuel asset reference,High,1,EXCLUDED_REVIEW_REQUIRED
FT-0001296,2025-07-14 06:05:00,DRT1992,X92167,40670,14.85,raw.fuel_transactions_raw,FT-0001296,2026-05-29 14:00:10,Orphan fuel asset reference,High,1,EXCLUDED_REVIEW_REQUIRED
FT-0007961,2025-08-04 18:20:00,ROG2722,X91062,36395,36.66,raw.fuel_transactions_raw,FT-0007961,2026-05-29 14:00:10,Orphan fuel asset reference,High,1,EXCLUDED_REVIEW_REQUIRED
FT-0007376,2025-07-13 01:45:00,ZBP8835,"",94130,2.61,raw.fuel_transactions_raw,FT-0007376,2026-05-29 14:00:10,Missing vehicle reference,High,1,EXCLUDED_REVIEW_REQUIRED
FT-0004909,2024-02-28 03:00:00,CFM2646,"",79757,21.72,raw.fuel_transactions_raw,FT-0004909,2026-05-29 14:00:10,Missing vehicle reference,High,1,EXCLUDED_REVIEW_REQUIRED
FT-0006099,2026-02-01 16:15:00,IWQ2863,X95579,10347,23.84,raw.fuel_transactions_raw,FT-0006099,2026-05-29 14:00:10,Orphan fuel asset reference,High,1,EXCLUDED_REVIEW_REQUIRED
FT-0002916,2025-03-10 18:05:00,QJD5094,X98025,21376,19.0,raw.fuel_transactions_raw,FT-0002916,2026-05-29 14:00:10,Orphan fuel asset reference,High,1,EXCLUDED_REVIEW_REQUIRED
FT-0007641,2024-06-15 19:15:00,ZQW4712,X93426,37509,5.38,raw.fuel_transactions_raw,FT-0007641,2026-05-29 14:00:10,Orphan fuel asset reference,High,1,EXCLUDED_REVIEW_REQUIRED
FT-0001344,2025-06-04 19:15:00,NKD5416,X99092,37138,13.81,raw.fuel_transactions_raw,FT-0001344,2026-05-29 14:00:10,Orphan fuel asset reference,High,1,EXCLUDED_REVIEW_REQUIRED
FT-0005034,12/24/2025 22:45,LBG0705,X95832,26600,33.66,raw.fuel_transactions_raw,FT-0005034,2026-05-29 14:00:10,Orphan fuel asset reference,High,1,EXCLUDED_REVIEW_REQUIRED
FT-0002985,2024-06-26 01:45:00,FAH0585,X99281,9318,3.5,raw.fuel_transactions_raw,FT-0002985,2026-05-29 14:00:10,Orphan fuel asset reference,High,1,EXCLUDED_REVIEW_REQUIRED
FT-0000367,2026-04-15 12:15:00,UDN0019,"",27379,3.09,raw.fuel_transactions_raw,FT-0000367,2026-05-29 14:00:10,Missing vehicle reference,High,1,EXCLUDED_REVIEW_REQUIRED
FT-0000363,2026-04-05 18:20:00,EFK0811,X99021,17915,18.17,raw.fuel_transactions_raw,FT-0000363,2026-05-29 14:00:10,Orphan fuel asset reference,High,1,EXCLUDED_REVIEW_REQUIRED
FT-0005833,2025-02-16 05:10:00,TES6102,"",84429,33.97,raw.fuel_transactions_raw,FT-0005833,2026-05-29 14:00:10,Missing vehicle reference,High,1,EXCLUDED_REVIEW_REQUIRED
FT-0007095,2025-07-17 04:00:00,YUA5745,X99975,20062,4.17,raw.fuel_transactions_raw,FT-0007095,2026-05-29 14:00:10,Orphan fuel asset reference,High,1,EXCLUDED_REVIEW_REQUIRED
FT-0001736,03/28/2025 23:00,EIR9531,X93478,16700,7.61,raw.fuel_transactions_raw,FT-0001736,2026-05-29 14:00:10,Orphan fuel asset reference,High,1,EXCLUDED_REVIEW_REQUIRED
FT-0001535,2024-10-09 07:45:00,QTW3719,X99457,10404,7.08,raw.fuel_transactions_raw,FT-0001535,2026-05-29 14:00:10,Orphan fuel asset reference,High,1,EXCLUDED_REVIEW_REQUIRED
FT-0003749,2026-04-30 11:15:00,QLD6274,X91003,9042,10.42,raw.fuel_transactions_raw,FT-0003749,2026-05-29 14:00:10,Orphan fuel asset reference,High,1,EXCLUDED_REVIEW_REQUIRED
FT-0000328,2025-04-09 04:15:00,QEQ7111,"",26234,42.02,raw.fuel_transactions_raw,FT-0000328,2026-05-29 14:00:10,Missing vehicle reference,High,1,EXCLUDED_REVIEW_REQUIRED
FT-0002055,2025-07-17 12:45:00,HYZ2582,X97315,8183,10.15,raw.fuel_transactions_raw,FT-0002055,2026-05-29 14:00:10,Orphan fuel asset reference,High,1,EXCLUDED_REVIEW_REQUIRED
FT-0000010,2025-09-16 06:10:00,MBD4205,"",21684,46.38,raw.fuel_transactions_raw,FT-0000010,2026-05-29 14:00:10,Missing vehicle reference,High,1,EXCLUDED_REVIEW_REQUIRED
FT-0005993,2026-03-22 08:30:00,WJS6336,X98979,14331,0.71,raw.fuel_transactions_raw,FT-0005993,2026-05-29 14:00:10,Orphan fuel asset reference,High,1,EXCLUDED_REVIEW_REQUIRED
FT-0006480,2024-03-22 23:45:00,XHH0395,X97564,14158,1.31,raw.fuel_transactions_raw,FT-0006480,2026-05-29 14:00:10,Orphan fuel asset reference,High,1,EXCLUDED_REVIEW_REQUIRED
FT-0004618,2025-02-20 00:10:00,TRL1747,"",75061,6.64,raw.fuel_transactions_raw,FT-0004618,2026-05-29 14:00:10,Missing vehicle reference,High,1,EXCLUDED_REVIEW_REQUIRED
FT-0004469,2025-02-27 00:05:00,XMK3704,X96359,28228,34.51,raw.fuel_transactions_raw,FT-0004469,2026-05-29 14:00:10,Orphan fuel asset reference,High,1,EXCLUDED_REVIEW_REQUIRED
FT-0002142,2024-07-02 13:00:00,QBX5406,"",51075,57.91,raw.fuel_transactions_raw,FT-0002142,2026-05-29 14:00:10,Missing vehicle reference,High,1,EXCLUDED_REVIEW_REQUIRED
FT-0006087,06/12/2024 14:30,UNF9112,X92386,38698,54.3,raw.fuel_transactions_raw,FT-0006087,2026-05-29 14:00:10,Orphan fuel asset reference,High,1,EXCLUDED_REVIEW_REQUIRED
FT-0007364,2025-01-27 03:05:00,CXF5413,X93727,23483,5.78,raw.fuel_transactions_raw,FT-0007364,2026-05-29 14:00:10,Orphan fuel asset reference,High,1,EXCLUDED_REVIEW_REQUIRED
FT-0007163,2024-09-15 08:20:00,ZJJ0884,X97981,6369,7.3,raw.fuel_transactions_raw,FT-0007163,2026-05-29 14:00:10,Orphan fuel asset reference,High,1,EXCLUDED_REVIEW_REQUIRED
FT-0005850,2024-08-01 04:30:00,ERL5070,X97099,32020,23.76,raw.fuel_transactions_raw,FT-0005850,2026-05-29 14:00:10,Orphan fuel asset reference,High,1,EXCLUDED_REVIEW_REQUIRED
FT-0001591,2024-07-17 17:30:00,XYD8116,"",46216,3.35,raw.fuel_transactions_raw,FT-0001591,2026-05-29 14:00:10,Missing vehicle reference,High,1,EXCLUDED_REVIEW_REQUIRED
FT-0002497,2024-06-03 03:45:00,FIR0649,"",57986,10.08,raw.fuel_transactions_raw,FT-0002497,2026-05-29 14:00:10,Missing vehicle reference,High,1,EXCLUDED_REVIEW_REQUIRED
FT-0003172,2024-02-01 15:05:00,IJK4151,X90119,6964,3.17,raw.fuel_transactions_raw,FT-0003172,2026-05-29 14:00:10,Orphan fuel asset reference,High,1,EXCLUDED_REVIEW_REQUIRED
FT-0001741,2025-10-02 09:10:00,RYO2003,X99399,17366,2.73,raw.fuel_transactions_raw,FT-0001741,2026-05-29 14:00:10,Orphan fuel asset reference,High,1,EXCLUDED_REVIEW_REQUIRED
FT-0001475,2025-12-23 05:20:00,RPO7917,"",44528,5.53,raw.fuel_transactions_raw,FT-0001475,2026-05-29 14:00:10,Missing vehicle reference,High,1,EXCLUDED_REVIEW_REQUIRED
FT-0006537,2025-12-22 21:15:00,PSW0622,X98272,10343,46.42,raw.fuel_transactions_raw,FT-0006537,2026-05-29 14:00:10,Orphan fuel asset reference,High,1,EXCLUDED_REVIEW_REQUIRED
FT-0000199,2025-11-18 05:10:00,LHN8465,X90944,38085,15.13,raw.fuel_transactions_raw,FT-0000199,2026-05-29 14:00:10,Orphan fuel asset reference,High,1,EXCLUDED_REVIEW_REQUIRED
FT-0000669,2024-11-21 06:45:00,YLG0207,X93484,24953,8.98,raw.fuel_transactions_raw,FT-0000669,2026-05-29 14:00:10,Orphan fuel asset reference,High,1,EXCLUDED_REVIEW_REQUIRED
FT-0002881,2025-02-16 15:45:00,LGX2413,X98237,30531,10.12,raw.fuel_transactions_raw,FT-0002881,2026-05-29 14:00:10,Orphan fuel asset reference,High,1,EXCLUDED_REVIEW_REQUIRED
FT-0003514,2025-02-15 09:15:00,RPO7917,"",68978,20.82,raw.fuel_transactions_raw,FT-0003514,2026-05-29 14:00:10,Missing vehicle reference,High,1,EXCLUDED_REVIEW_REQUIRED
FT-0000094,2026-01-21 03:30:00,WYW7755,X91512,37913,14.45,raw.fuel_transactions_raw,FT-0000094,2026-05-29 14:00:10,Orphan fuel asset reference,High,1,EXCLUDED_REVIEW_REQUIRED
FT-0002875,2025-03-16 03:20:00,BOH4672,"",61603,7.25,raw.fuel_transactions_raw,FT-0002875,2026-05-29 14:00:10,Missing vehicle reference,High,1,EXCLUDED_REVIEW_REQUIRED
FT-0002491,2025-08-23 06:20:00,QJD5094,X91420,32788,5.38,raw.fuel_transactions_raw,FT-0002491,2026-05-29 14:00:10,Orphan fuel asset reference,High,1,EXCLUDED_REVIEW_REQUIRED
FT-0006953,2025-01-25 19:20:00,NIP7881,"",92424,7.68,raw.fuel_transactions_raw,FT-0006953,2026-05-29 14:00:10,Missing vehicle reference,High,1,EXCLUDED_REVIEW_REQUIRED
FT-0005518,2024-04-18 01:10:00,MME1126,X92070,12072,2.34,raw.fuel_transactions_raw,FT-0005518,2026-05-29 14:00:10,Orphan fuel asset reference,High,1,EXCLUDED_REVIEW_REQUIRED
FT-0006071,2025-10-13 06:20:00,UUF1767,"",86684,24.93,raw.fuel_transactions_raw,FT-0006071,2026-05-29 14:00:10,Missing vehicle reference,High,1,EXCLUDED_REVIEW_REQUIRED
FT-0005149,2025-02-21 18:15:00,BLI2196,X98745,21632,4.47,raw.fuel_transactions_raw,FT-0005149,2026-05-29 14:00:10,Orphan fuel asset reference,High,1,EXCLUDED_REVIEW_REQUIRED
FT-0006857,2025-12-29 08:30:00,RPT7293,X93662,17372,9.35,raw.fuel_transactions_raw,FT-0006857,2026-05-29 14:00:10,Orphan fuel asset reference,High,1,EXCLUDED_REVIEW_REQUIRED
FT-0005940,2025-05-27 12:00:00,XEV3495,"",86030,14.88,raw.fuel_transactions_raw,FT-0005940,2026-05-29 14:00:10,Missing vehicle reference,High,1,EXCLUDED_REVIEW_REQUIRED
FT-0001789,2024-07-05 03:10:00,GML0361,"",46910,3.42,raw.fuel_transactions_raw,FT-0001789,2026-05-29 14:00:10,Missing vehicle reference,High,1,EXCLUDED_REVIEW_REQUIRED
FT-0006263,2025-02-20 04:30:00,LXW4999,X93089,38017,32.73,raw.fuel_transactions_raw,FT-0006263,2026-05-29 14:00:10,Orphan fuel asset reference,High,1,EXCLUDED_REVIEW_REQUIRED
FT-0002459,2025-07-16 10:15:00,XMK3704,X90360,20548,16.69,raw.fuel_transactions_raw,FT-0002459,2026-05-29 14:00:10,Orphan fuel asset reference,High,1,EXCLUDED_REVIEW_REQUIRED
FT-0002622,2024-05-26 23:30:00,OCE2841,X92512,17108,3.89,raw.fuel_transactions_raw,FT-0002622,2026-05-29 14:00:10,Orphan fuel asset reference,High,1,EXCLUDED_REVIEW_REQUIRED
FT-0003014,2025-05-03 16:00:00,TCL1554,X92010,26375,28.68,raw.fuel_transactions_raw,FT-0003014,2026-05-29 14:00:10,Orphan fuel asset reference,High,1,EXCLUDED_REVIEW_REQUIRED
FT-0007213,2024-10-18 09:10:00,EZQ8134,X99740,21473,14.17,raw.fuel_transactions_raw,FT-0007213,2026-05-29 14:00:10,Orphan fuel asset reference,High,1,EXCLUDED_REVIEW_REQUIRED
FT-0001274,2025-12-10 13:20:00,BKN4877,X92289,19226,12.21,raw.fuel_transactions_raw,FT-0001274,2026-05-29 14:00:10,Orphan fuel asset reference,High,1,EXCLUDED_REVIEW_REQUIRED
FT-0007361,2025-11-23 09:20:00,URK7079,"",94004,0.48,raw.fuel_transactions_raw,FT-0007361,2026-05-29 14:00:10,Missing vehicle reference,High,1,EXCLUDED_REVIEW_REQUIRED
FT-0006704,2026-03-06 00:15:00,IBH7512,X93111,22015,2.54,raw.fuel_transactions_raw,FT-0006704,2026-05-29 14:00:10,Orphan fuel asset reference,High,1,EXCLUDED_REVIEW_REQUIRED
FT-0006925,2026-01-07 08:05:00,XMC3446,X96585,8442,0,raw.fuel_transactions_raw,FT-0006925,2026-05-29 14:00:10,Orphan fuel asset reference,High,1,EXCLUDED_REVIEW_REQUIRED
FT-0002539,2024-10-19 20:05:00,LPF4162,"",59765,8.62,raw.fuel_transactions_raw,FT-0002539,2026-05-29 14:00:10,Missing vehicle reference,High,1,EXCLUDED_REVIEW_REQUIRED
FT-0004458,2024-04-17 19:45:00,QBX5406,X99597,39045,5.35,raw.fuel_transactions_raw,FT-0004458,2026-05-29 14:00:10,Orphan fuel asset reference,High,1,EXCLUDED_REVIEW_REQUIRED
FT-0006894,2024-08-13 20:45:00,WGH5679,X98287,31813,9.19,raw.fuel_transactions_raw,FT-0006894,2026-05-29 14:00:10,Orphan fuel asset reference,High,1,EXCLUDED_REVIEW_REQUIRED
FT-0007727,2025-08-03 13:15:00,NIP7881,"",98233,11.49,raw.fuel_transactions_raw,FT-0007727,2026-05-29 14:00:10,Missing vehicle reference,High,1,EXCLUDED_REVIEW_REQUIRED
FT-0000188,2024-08-16 07:20:00,JIW8343,"",23945,129.3,raw.fuel_transactions_raw,FT-0000188,2026-05-29 14:00:10,Missing vehicle reference,High,1,EXCLUDED_REVIEW_REQUIRED
FT-0004580,2024-02-09 02:30:00,BRE6768,X90812,33499,77.32,raw.fuel_transactions_raw,FT-0004580,2026-05-29 14:00:10,Orphan fuel asset reference,High,1,EXCLUDED_REVIEW_REQUIRED
FT-0003907,2024-04-28 14:10:00,URK7079,"",70763,12.08,raw.fuel_transactions_raw,FT-0003907,2026-05-29 14:00:10,Missing vehicle reference,High,1,EXCLUDED_REVIEW_REQUIRED
FT-0002524,2025-03-07 06:20:00,CUE3923,X93311,35950,3.25,raw.fuel_transactions_raw,FT-0002524,2026-05-29 14:00:10,Orphan fuel asset reference,High,1,EXCLUDED_REVIEW_REQUIRED
FT-0003721,2025-11-06 07:45:00,NJT5668,"",69133,4.39,raw.fuel_transactions_raw,FT-0003721,2026-05-29 14:00:10,Missing vehicle reference,High,1,EXCLUDED_REVIEW_REQUIRED
FT-0005896,2025-10-12 21:00:00,WNZ7258,X94759,7518,2.09,raw.fuel_transactions_raw,FT-0005896,2026-05-29 14:00:10,Orphan fuel asset reference,High,1,EXCLUDED_REVIEW_REQUIRED
FT-0005865,2026-04-06 19:15:00,WHW5163,X93563,14426,38.23,raw.fuel_transactions_raw,FT-0005865,2026-05-29 14:00:10,Orphan fuel asset reference,High,1,EXCLUDED_REVIEW_REQUIRED
FT-0005403,10/22/2024 18:30,YUB6116,"",82400,0.13,raw.fuel_transactions_raw,FT-0005403,2026-05-29 14:00:10,Missing vehicle reference,High,1,EXCLUDED_REVIEW_REQUIRED
FT-0004002,2024-09-30 16:05:00,TMC0788,X95754,36240,23.89,raw.fuel_transactions_raw,FT-0004002,2026-05-29 14:00:10,Orphan fuel asset reference,High,1,EXCLUDED_REVIEW_REQUIRED
FT-0000831,06/09/2025 02:15,LIL9801,X97544,33738,19.1,raw.fuel_transactions_raw,FT-0000831,2026-05-29 14:00:10,Orphan fuel asset reference,High,1,EXCLUDED_REVIEW_REQUIRED
FT-0005770,2024-01-02 04:20:00,DET6084,X99173,21043,1.69,raw.fuel_transactions_raw,FT-0005770,2026-05-29 14:00:10,Orphan fuel asset reference,High,1,EXCLUDED_REVIEW_REQUIRED
FT-0006601,2025-07-07 05:30:00,IQB9979,"",89682,0.74,raw.fuel_transactions_raw,FT-0006601,2026-05-29 14:00:10,Missing vehicle reference,High,1,EXCLUDED_REVIEW_REQUIRED
FT-0004900,2025-06-10 20:00:00,CFM2646,"",79628,1.84,raw.fuel_transactions_raw,FT-0004900,2026-05-29 14:00:10,Missing vehicle reference,High,1,EXCLUDED_REVIEW_REQUIRED
FT-0003859,2025-11-07 15:30:00,UPO6972,X96407,16781,21.72,raw.fuel_transactions_raw,FT-0003859,2026-05-29 14:00:10,Orphan fuel asset reference,High,1,EXCLUDED_REVIEW_REQUIRED
FT-0005735,2024-09-19 06:00:00,QGL6636,"",82680,7.51,raw.fuel_transactions_raw,FT-0005735,2026-05-29 14:00:10,Missing vehicle reference,High,1,EXCLUDED_REVIEW_REQUIRED
FT-0006459,06/08/2024 03:45,FAR0545,X94887,30433,2.67,raw.fuel_transactions_raw,FT-0006459,2026-05-29 14:00:10,Orphan fuel asset reference,High,1,EXCLUDED_REVIEW_REQUIRED
FT-0003712,2025-07-22 03:05:00,MVE1623,X98690,23834,4.97,raw.fuel_transactions_raw,FT-0003712,2026-05-29 14:00:10,Orphan fuel asset reference,High,1,EXCLUDED_REVIEW_REQUIRED
FT-0003676,2024-06-05 00:00:00,LHN8465,X92602,12363,13.14,raw.fuel_transactions_raw,FT-0003676,2026-05-29 14:00:10,Orphan fuel asset reference,High,1,EXCLUDED_REVIEW_REQUIRED
FT-0001120,2025-07-12 09:00:00,ITD8549,"",40698,30.16,raw.fuel_transactions_raw,FT-0001120,2026-05-29 14:00:10,Missing vehicle reference,High,1,EXCLUDED_REVIEW_REQUIRED
FT-0001826,2025-11-24 08:00:00,EVT7030,X97443,6583,9.97,raw.fuel_transactions_raw,FT-0001826,2026-05-29 14:00:10,Orphan fuel asset reference,High,1,EXCLUDED_REVIEW_REQUIRED
FT-0002828,2026-01-27 12:00:00,TYG7961,X99936,9907,18.33,raw.fuel_transactions_raw,FT-0002828,2026-05-29 14:00:10,Orphan fuel asset reference,High,1,EXCLUDED_REVIEW_REQUIRED
FT-0006504,2025-06-27 07:45:00,CKG5975,"",89590,9.33,raw.fuel_transactions_raw,FT-0006504,2026-05-29 14:00:10,Missing vehicle reference,High,1,EXCLUDED_REVIEW_REQUIRED
FT-0004935,2024-01-24 10:15:00,JGJ8528,"",80345,7.12,raw.fuel_transactions_raw,FT-0004935,2026-05-29 14:00:10,Missing vehicle reference,High,1,EXCLUDED_REVIEW_REQUIRED
FT-0004347,2025-07-15 06:45:00,YTR0534,X91194,27828,12.3,raw.fuel_transactions_raw,FT-0004347,2026-05-29 14:00:10,Orphan fuel asset reference,High,1,EXCLUDED_REVIEW_REQUIRED
FT-0001599,2024-07-31 07:45:00,AXN5145,X91605,19606,28.69,raw.fuel_transactions_raw,FT-0001599,2026-05-29 14:00:10,Orphan fuel asset reference,High,1,EXCLUDED_REVIEW_REQUIRED
FT-0005891,2024-10-30 17:20:00,WYW7755,X93934,15984,12.02,raw.fuel_transactions_raw,FT-0005891,2026-05-29 14:00:10,Orphan fuel asset reference,High,1,EXCLUDED_REVIEW_REQUIRED
FT-0004166,2025-02-15 06:15:00,HOV5056,X96128,20935,1.99,raw.fuel_transactions_raw,FT-0004166,2026-05-29 14:00:10,Orphan fuel asset reference,High,1,EXCLUDED_REVIEW_REQUIRED
FT-0007268,2024-02-05 05:45:00,KIK0834,X90387,18838,6.56,raw.fuel_transactions_raw,FT-0007268,2026-05-29 14:00:10,Orphan fuel asset reference,High,1,EXCLUDED_REVIEW_REQUIRED
FT-0000262,2024-05-13 07:30:00,CNQ7471,"",25779,10.36,raw.fuel_transactions_raw,FT-0000262,2026-05-29 14:00:10,Missing vehicle reference,High,1,EXCLUDED_REVIEW_REQUIRED
FT-0006487,2024-12-30 11:20:00,AXN5145,X96743,38596,0.66,raw.fuel_transactions_raw,FT-0006487,2026-05-29 14:00:10,Orphan fuel asset reference,High,1,EXCLUDED_REVIEW_REQUIRED
FT-0002129,05/09/2025 11:00,FRA6247,"",49375,8.61,raw.fuel_transactions_raw,FT-0002129,2026-05-29 14:00:10,Missing vehicle reference,High,1,EXCLUDED_REVIEW_REQUIRED
FT-0000661,2026-01-27 10:10:00,YUA5745,"",31331,111.13,raw.fuel_transactions_raw,FT-0000661,2026-05-29 14:00:10,Missing vehicle reference,High,1,EXCLUDED_REVIEW_REQUIRED
FT-0005421,2025-09-08 17:15:00,SEC6328,"",82968,36.79,raw.fuel_transactions_raw,FT-0005421,2026-05-29 14:00:10,Missing vehicle reference,High,1,EXCLUDED_REVIEW_REQUIRED
FT-0007069,2025-05-23 17:05:00,OAF5532,"",93776,8.34,raw.fuel_transactions_raw,FT-0007069,2026-05-29 14:00:10,Missing vehicle reference,High,1,EXCLUDED_REVIEW_REQUIRED
FT-0002335,2025-05-05 02:00:00,MME1126,X95646,22548,10.35,raw.fuel_transactions_raw,FT-0002335,2026-05-29 14:00:10,Orphan fuel asset reference,High,1,EXCLUDED_REVIEW_REQUIRED
FT-0006698,2025-04-15 18:05:00,WQL9936,X94843,21235,94.08,raw.fuel_transactions_raw,FT-0006698,2026-05-29 14:00:10,Orphan fuel asset reference,High,1,EXCLUDED_REVIEW_REQUIRED
FT-0002781,2024-09-11 16:00:00,NFK9745,X93810,21102,1.31,raw.fuel_transactions_raw,FT-0002781,2026-05-29 14:00:10,Orphan fuel asset reference,High,1,EXCLUDED_REVIEW_REQUIRED
FT-0001765,2024-11-26 23:05:00,JLB8055,X98843,26129,3.89,raw.fuel_transactions_raw,FT-0001765,2026-05-29 14:00:10,Orphan fuel asset reference,High,1,EXCLUDED_REVIEW_REQUIRED
FT-0005318,2026-01-23 06:10:00,PJY5688,X99841,36134,27.26,raw.fuel_transactions_raw,FT-0005318,2026-05-29 14:00:10,Orphan fuel asset reference,High,1,EXCLUDED_REVIEW_REQUIRED
FT-0005133,2025-05-30 05:45:00,ZZG6544,X90667,"",1.14,raw.fuel_transactions_raw,FT-0005133,2026-05-29 14:00:10,Orphan fuel asset reference,High,1,EXCLUDED_REVIEW_REQUIRED
FT-0001095,2026-01-29 08:00:00,XCW5305,"",39472,12.76,raw.fuel_transactions_raw,FT-0001095,2026-05-29 14:00:10,Missing vehicle reference,High,1,EXCLUDED_REVIEW_REQUIRED
FT-0003086,2024-09-13 16:10:00,OAF5532,"",65350,1.39,raw.fuel_transactions_raw,FT-0003086,2026-05-29 14:00:10,Missing vehicle reference,High,1,EXCLUDED_REVIEW_REQUIRED
FT-0004988,2024-05-09 01:15:00,DET6084,X92456,9013,1.23,raw.fuel_transactions_raw,FT-0004988,2026-05-29 14:00:10,Orphan fuel asset reference,High,1,EXCLUDED_REVIEW_REQUIRED
FT-0001142,2024-01-03 06:30:00,FUG7006,"",41353,8.5,raw.fuel_transactions_raw,FT-0001142,2026-05-29 14:00:10,Missing vehicle reference,High,1,EXCLUDED_REVIEW_REQUIRED
FT-0002037,2026-01-03 05:30:00,SEC6328,X95475,20718,7.18,raw.fuel_transactions_raw,FT-0002037,2026-05-29 14:00:10,Orphan fuel asset reference,High,1,EXCLUDED_REVIEW_REQUIRED
FT-0004758,2025-04-16 22:45:00,ESR8585,"",78488,34.49,raw.fuel_transactions_raw,FT-0004758,2026-05-29 14:00:10,Missing vehicle reference,High,1,EXCLUDED_REVIEW_REQUIRED
FT-0005516,12/04/2024 11:10,TOQ8049,"",83468,17.35,raw.fuel_transactions_raw,FT-0005516,2026-05-29 14:00:10,Missing vehicle reference,High,1,EXCLUDED_REVIEW_REQUIRED
FT-0002398,2024-09-18 22:30:00,ZXN1029,"",55310,24.28,raw.fuel_transactions_raw,FT-0002398,2026-05-29 14:00:10,Missing vehicle reference,High,1,EXCLUDED_REVIEW_REQUIRED
FT-0006368,2024-03-22 14:05:00,YMM4816,X98241,24172,14.05,raw.fuel_transactions_raw,FT-0006368,2026-05-29 14:00:10,Orphan fuel asset reference,High,1,EXCLUDED_REVIEW_REQUIRED
FT-0007368,2025-07-01 14:45:00,GGF8456,X93292,25823,17.49,raw.fuel_transactions_raw,FT-0007368,2026-05-29 14:00:10,Orphan fuel asset reference,High,1,EXCLUDED_REVIEW_REQUIRED
FT-0004242,2024-08-02 03:05:00,FEE6429,"",72153,39.06,raw.fuel_transactions_raw,FT-0004242,2026-05-29 14:00:10,Missing vehicle reference,High,1,EXCLUDED_REVIEW_REQUIRED
FT-0000899,2024-01-22 10:05:00,SFP3482,"",34583,94.78,raw.fuel_transactions_raw,FT-0000899,2026-05-29 14:00:10,Missing vehicle reference,High,1,EXCLUDED_REVIEW_REQUIRED
FT-0005240,03/12/2026 20:20,QGL6636,X94842,19153,36.19,raw.fuel_transactions_raw,FT-0005240,2026-05-29 14:00:10,Orphan fuel asset reference,High,1,EXCLUDED_REVIEW_REQUIRED
FT-0001651,2025-06-24 22:30:00,VZD3750,X94673,31745,21.43,raw.fuel_transactions_raw,FT-0001651,2026-05-29 14:00:10,Orphan fuel asset reference,High,1,EXCLUDED_REVIEW_REQUIRED
FT-0001105,05/18/2025 07:45,JPL0322,X97157,26760,59.67,raw.fuel_transactions_raw,FT-0001105,2026-05-29 14:00:10,Orphan fuel asset reference,High,1,EXCLUDED_REVIEW_REQUIRED
FT-0000024,2026-01-12 15:00:00,RZZ7050,X91454,24413,4.58,raw.fuel_transactions_raw,FT-0000024,2026-05-29 14:00:10,Orphan fuel asset reference,High,1,EXCLUDED_REVIEW_REQUIRED
FT-0005270,2024-10-31 16:05:00,MLY4243,X95229,16192,11.63,raw.fuel_transactions_raw,FT-0005270,2026-05-29 14:00:10,Orphan fuel asset reference,High,1,EXCLUDED_REVIEW_REQUIRED
FT-0001327,2025-03-01 09:05:00,FUT2003,"",43335,48.94,raw.fuel_transactions_raw,FT-0001327,2026-05-29 14:00:10,Missing vehicle reference,High,1,EXCLUDED_REVIEW_REQUIRED
FT-0003780,2024-01-21 03:10:00,OKR1968,X90550,33311,18.04,raw.fuel_transactions_raw,FT-0003780,2026-05-29 14:00:10,Orphan fuel asset reference,High,1,EXCLUDED_REVIEW_REQUIRED
FT-0004949,2025-07-20 15:30:00,YYD9770,"",81103,2.19,raw.fuel_transactions_raw,FT-0004949,2026-05-29 14:00:10,Missing vehicle reference,High,1,EXCLUDED_REVIEW_REQUIRED
FT-0006347,2025-11-15 21:20:00,QBX5406,X92420,14395,1.73,raw.fuel_transactions_raw,FT-0006347,2026-05-29 14:00:10,Orphan fuel asset reference,High,1,EXCLUDED_REVIEW_REQUIRED
FT-0002418,2026-03-07 06:05:00,AHP0788,"",55979,32.96,raw.fuel_transactions_raw,FT-0002418,2026-05-29 14:00:10,Missing vehicle reference,High,1,EXCLUDED_REVIEW_REQUIRED
FT-0004773,2026-04-21 17:30:00,MME1126,X91555,11754,51.34,raw.fuel_transactions_raw,FT-0004773,2026-05-29 14:00:10,Orphan fuel asset reference,High,1,EXCLUDED_REVIEW_REQUIRED
FT-0004940,2024-09-04 07:10:00,MXV1700,"",80930,5.17,raw.fuel_transactions_raw,FT-0004940,2026-05-29 14:00:10,Missing vehicle reference,High,1,EXCLUDED_REVIEW_REQUIRED
FT-0004370,2025-04-09 07:30:00,TMC0788,X90689,28084,53.13,raw.fuel_transactions_raw,FT-0004370,2026-05-29 14:00:10,Orphan fuel asset reference,High,1,EXCLUDED_REVIEW_REQUIRED
FT-0003427,2024-04-29 15:45:00,NQY5387,X95887,5830,16.4,raw.fuel_transactions_raw,FT-0003427,2026-05-29 14:00:10,Orphan fuel asset reference,High,1,EXCLUDED_REVIEW_REQUIRED
FT-0002336,2025-04-01 14:15:00,SGK9378,"",53593,101.93,raw.fuel_transactions_raw,FT-0002336,2026-05-29 14:00:10,Missing vehicle reference,High,1,EXCLUDED_REVIEW_REQUIRED
FT-0006117,2025-01-10 17:10:00,BAZ3691,X93004,29195,9.67,raw.fuel_transactions_raw,FT-0006117,2026-05-29 14:00:10,Orphan fuel asset reference,High,1,EXCLUDED_REVIEW_REQUIRED
FT-0002507,2024-08-29 09:45:00,YOS1930,"",59223,38.01,raw.fuel_transactions_raw,FT-0002507,2026-05-29 14:00:10,Missing vehicle reference,High,1,EXCLUDED_REVIEW_REQUIRED
FT-0001249,2024-08-26 17:15:00,WQL9936,"",42965,35.67,raw.fuel_transactions_raw,FT-0001249,2026-05-29 14:00:10,Missing vehicle reference,High,1,EXCLUDED_REVIEW_REQUIRED
FT-0002140,2025-09-07 10:00:00,AOH6816,"",50139,15.27,raw.fuel_transactions_raw,FT-0002140,2026-05-29 14:00:10,Missing vehicle reference,High,1,EXCLUDED_REVIEW_REQUIRED
FT-0000827,2024-07-25 20:10:00,CGN2539,"",32958,6.0,raw.fuel_transactions_raw,FT-0000827,2026-05-29 14:00:10,Missing vehicle reference,High,1,EXCLUDED_REVIEW_REQUIRED
FT-0002016,2024-06-17 18:00:00,WYW7755,X97594,25550,0.65,raw.fuel_transactions_raw,FT-0002016,2026-05-29 14:00:10,Orphan fuel asset reference,High,1,EXCLUDED_REVIEW_REQUIRED
FT-0004574,2024-10-08 13:20:00,DRT1992,"",74637,5.44,raw.fuel_transactions_raw,FT-0004574,2026-05-29 14:00:10,Missing vehicle reference,High,1,EXCLUDED_REVIEW_REQUIRED
FT-0005756,2024-03-18 13:45:00,JUU7795,X90919,11808,4.22,raw.fuel_transactions_raw,FT-0005756,2026-05-29 14:00:10,Orphan fuel asset reference,High,1,EXCLUDED_REVIEW_REQUIRED
FT-0004323,2024-10-30 19:00:00,LYN0149,"",72851,3.82,raw.fuel_transactions_raw,FT-0004323,2026-05-29 14:00:10,Missing vehicle reference,High,1,EXCLUDED_REVIEW_REQUIRED
FT-0001099,2024-10-12 17:45:00,WBR0650,"",40089,14.9,raw.fuel_transactions_raw,FT-0001099,2026-05-29 14:00:10,Missing vehicle reference,High,1,EXCLUDED_REVIEW_REQUIRED
FT-0001477,2024-03-15 16:10:00,DTO9883,X93831,20509,15.89,raw.fuel_transactions_raw,FT-0001477,2026-05-29 14:00:10,Orphan fuel asset reference,High,1,EXCLUDED_REVIEW_REQUIRED
FT-0007449,2025-09-18 08:15:00,FQT4863,X95961,23498,27.71,raw.fuel_transactions_raw,FT-0007449,2026-05-29 14:00:10,Orphan fuel asset reference,High,1,EXCLUDED_REVIEW_REQUIRED
FT-0003801,2024-02-16 19:10:00,SVE5872,X90202,34478,41.75,raw.fuel_transactions_raw,FT-0003801,2026-05-29 14:00:10,Orphan fuel asset reference,High,1,EXCLUDED_REVIEW_REQUIRED
FT-0007259,05/21/2025 10:15,XCW5305,X99171,37854,39.89,raw.fuel_transactions_raw,FT-0007259,2026-05-29 14:00:10,Orphan fuel asset reference,High,1,EXCLUDED_REVIEW_REQUIRED
FT-0006106,2026-02-16 17:10:00,ZDL8975,X99235,18745,21.04,raw.fuel_transactions_raw,FT-0006106,2026-05-29 14:00:10,Orphan fuel asset reference,High,1,EXCLUDED_REVIEW_REQUIRED
FT-0000090,2024-07-20 16:05:00,VOK7370,X94855,18769,9.38,raw.fuel_transactions_raw,FT-0000090,2026-05-29 14:00:10,Orphan fuel asset reference,High,1,EXCLUDED_REVIEW_REQUIRED
FT-0003150,2026-03-12 12:00:00,XTI9471,"",65381,0.82,raw.fuel_transactions_raw,FT-0003150,2026-05-29 14:00:10,Missing vehicle reference,High,1,EXCLUDED_REVIEW_REQUIRED
FT-0001064,2025-03-26 23:05:00,NFK9745,X99524,5870,4.45,raw.fuel_transactions_raw,FT-0001064,2026-05-29 14:00:10,Orphan fuel asset reference,High,1,EXCLUDED_REVIEW_REQUIRED
FT-0000709,2024-08-27 19:15:00,XYD8116,"",32009,5.13,raw.fuel_transactions_raw,FT-0000709,2026-05-29 14:00:10,Missing vehicle reference,High,1,EXCLUDED_REVIEW_REQUIRED
FT-0000916,2024-02-15 19:30:00,PFB1972,"",35923,13.97,raw.fuel_transactions_raw,FT-0000916,2026-05-29 14:00:10,Missing vehicle reference,High,1,EXCLUDED_REVIEW_REQUIRED
FT-0002231,2026-03-20 06:05:00,FJD7818,X97388,26915,33.83,raw.fuel_transactions_raw,FT-0002231,2026-05-29 14:00:10,Orphan fuel asset reference,High,1,EXCLUDED_REVIEW_REQUIRED
FT-0006954,2024-08-12 16:20:00,EJO7945,X93218,40746,7.77,raw.fuel_transactions_raw,FT-0006954,2026-05-29 14:00:10,Orphan fuel asset reference,High,1,EXCLUDED_REVIEW_REQUIRED
FT-0001185,2025-12-23 05:30:00,BNS2277,"",42238,27.21,raw.fuel_transactions_raw,FT-0001185,2026-05-29 14:00:10,Missing vehicle reference,High,1,EXCLUDED_REVIEW_REQUIRED
FT-0003276,2025-10-22 05:30:00,FSR3291,X98708,32686,11.87,raw.fuel_transactions_raw,FT-0003276,2026-05-29 14:00:10,Orphan fuel asset reference,High,1,EXCLUDED_REVIEW_REQUIRED
FT-0003057,2024-03-25 06:20:00,YUA5745,X94527,7674,2.91,raw.fuel_transactions_raw,FT-0003057,2026-05-29 14:00:10,Orphan fuel asset reference,High,1,EXCLUDED_REVIEW_REQUIRED
